<?xml version="1.0" encoding="UTF-8"?>

<mule xmlns:db="http://www.mulesoft.org/schema/mule/db" xmlns:http="http://www.mulesoft.org/schema/mule/http"
	xmlns="http://www.mulesoft.org/schema/mule/core"
	xmlns:doc="http://www.mulesoft.org/schema/mule/documentation" xmlns:xsi="http://www.w3.org/2001/XMLSchema-instance" xsi:schemaLocation="http://www.mulesoft.org/schema/mule/core http://www.mulesoft.org/schema/mule/core/current/mule.xsd
http://www.mulesoft.org/schema/mule/http http://www.mulesoft.org/schema/mule/http/current/mule-http.xsd
http://www.mulesoft.org/schema/mule/db http://www.mulesoft.org/schema/mule/db/current/mule-db.xsd">
	<http:listener-config name="HTTP_Listener_config_CRUD" doc:name="HTTP Listener config" doc:id="a4f27ee1-f079-4903-95c6-c5f7f5a680c7" basePath="/CrudPath" >
		<http:listener-connection host="0.0.0.0" port="9080" />
	</http:listener-config>
	<db:config name="DB2_Database_Config" doc:name="Database Config" doc:id="b6c13e84-f181-4b63-9f32-ceaa9d2be329" >
		<db:generic-connection url="jdbc:db2://localhost:50000/SAMPLE" driverClassName="com.ibm.db2.jcc.DB2Driver" user="db2admin" password="p@ssw0rd" />
	</db:config>
	<flow name="ms3_projectFlow" doc:id="12a8f62d-b501-4834-87e9-bc2bc0eb756a" >
		<http:listener doc:name="HTTP_CRUD_Listener_Configuration" doc:id="fc84ce39-fd16-4885-8d07-6f58f7d4ba02" config-ref="HTTP_Listener_config_CRUD" path="/Insert_CrudPath" allowedMethods="POST"/>
		<db:insert doc:name="Insert" doc:id="50577ab4-c121-4250-94eb-7a99300f0d4d" config-ref="DB2_Database_Config">
			<db:sql >INSERT INTO Identification VALUES ('MARAYYA', 'CHITTIBONU', '04/05/1984', 'MALE', 'CEO')</db:sql>
		</db:insert>
		<set-payload value="{'Message':'Identification Record created '}" doc:name="Set Payload" doc:id="ef1d0649-891b-42c5-a47a-470ec6db7c58" mimeType="application/json"/>
	</flow>
</mule>
